EpisodeID,StartDate,EndDate,CalendarTradingSpan,HighStressHits,PeakStressDate,PeakGeometryStress,PeakStressPercentile,PeakTransitionDate,PeakTransitionScore,PeakTransitionPercentile,MinSigmaMin,MaxConditionNumber,MaxRotationDeg
1,2007-07-24,2007-08-03,9,9,2007-07-31,1.629831099,100,2007-07-25,2.140057555,98.02631579,0.0812503518,23.52024113,28.52072523
2,2007-08-15,2007-08-23,7,5,2007-08-16,1.676971167,100,2007-08-16,0.768933359,88.0952381,0.1042254626,18.78481514,30.24239741
3,2008-08-08,2008-08-11,2,2,2008-08-11,1.400256677,98.01587302,2008-08-11,1.019048009,96.82539683,0.1268168456,13.94674741,28.51235879
4,2008-11-28,2008-12-09,8,7,2008-12-02,1.668929358,100,2008-11-28,1.361130135,99.6031746,0.1095785069,41.42063556,17.63223669
5,2009-04-15,2009-05-08,18,12,2009-04-22,2.62802322,100,2009-04-16,1.727267823,99.6031746,0.0454664308,53.68194701,33.04130033
6,2009-08-31,2009-09-01,2,2,2009-08-31,2.566186453,99.20634921,2009-08-31,2.877528615,100,0.1372881542,20.49088695,44.51916657
7,2010-06-25,2010-07-06,7,7,2010-06-29,2.265026285,99.6031746,2010-06-29,1.611197712,99.20634921,0.09665769984,26.85606743,20.87489782
8,2010-08-02,2010-08-04,3,3,2010-08-03,2.044798128,99.20634921,2010-08-03,1.541941697,98.41269841,0.1016195917,31.03754818,18.61748616
9,2010-09-30,2010-10-04,3,3,2010-10-01,5.722959478,100,2010-10-01,5.139332543,100,0.03432569651,101.0772954,61.06051019
10,2010-10-15,2010-10-18,2,2,2010-10-15,2.088002274,98.41269841,2010-10-18,0.7694098265,89.28571429,0.06373256265,56.12771674,18.60458781
11,2011-03-25,2011-03-28,2,2,2011-03-25,2.319730564,98.41269841,2011-03-25,1.760061844,97.61904762,0.08312934361,75.92653136,30.84278576
12,2011-04-25,2011-05-03,7,5,2011-05-03,2.141914706,97.61904762,2011-04-25,1.610020056,95.63492063,0.0340442917,125.2297259,32.73584286
13,2011-10-20,2011-10-21,2,2,2011-10-21,2.70964578,100,2011-10-21,1.555582644,97.22222222,0.06566492151,59.06490564,51.51263877
14,2012-03-15,2012-03-16,2,2,2012-03-15,1.899755127,97.61904762,2012-03-15,1.705111144,99.6031746,0.04230061328,39.32192569,40.2102749
15,2012-12-17,2012-12-18,2,2,2012-12-18,0.153224224,97.22222222,2012-12-17,0.2581433779,74.6031746,0.2677919925,8.348781857,9.313827877
16,2013-01-03,2013-01-16,10,9,2013-01-15,2.061311759,100,2013-01-15,1.89987262,100,0.174272268,13.48708057,33.69288424
17,2013-02-21,2013-03-28,26,24,2013-03-26,2.182842575,100,2013-03-26,1.332891994,99.20634921,0.1166151082,45.22067473,16.39353493
18,2013-04-11,2013-04-22,8,8,2013-04-15,2.150765761,99.6031746,2013-04-15,1.116858346,98.41269841,0.07214297879,87.16147533,18.68403376
19,2013-04-26,2013-05-01,4,3,2013-04-29,2.137931723,98.80952381,2013-04-29,0.934969944,95.23809524,0.08365705383,71.5216426,15.11536106
20,2013-07-01,2013-07-02,2,2,2013-07-01,2.366226189,100,2013-07-01,0.7946393956,92.46031746,0.1348853532,16.31065431,33.8131954
21,2014-11-07,2014-11-14,6,6,2014-11-12,2.420729707,100,2014-11-12,1.852654741,100,0.08893052681,21.75110563,29.71802245
22,2015-03-12,2015-03-17,4,4,2015-03-12,2.396275702,99.6031746,2015-03-12,2.492090173,100,0.1634361255,21.18417947,24.49691582
23,2015-03-31,2015-04-06,4,2,2015-04-06,1.272483517,98.01587302,2015-04-06,0.3545259366,81.34920635,0.1223465313,30.2091516,7.792946452
24,2015-04-13,2015-04-16,4,3,2015-04-15,1.173612587,96.82539683,2015-04-13,0.3852959886,82.53968254,0.1144846168,30.55758915,12.25948205
25,2015-05-08,2015-05-11,2,2,2015-05-08,1.839338608,98.80952381,2015-05-08,1.476962347,97.61904762,0.1075709615,29.54236155,16.13742394
26,2015-05-19,2015-06-09,15,13,2015-06-09,4.381245409,100,2015-06-09,2.024448851,98.80952381,0.04575019736,59.18828197,48.37201227
27,2015-06-16,2015-06-17,2,2,2015-06-17,2.407134479,98.80952381,2015-06-16,1.395590245,96.03174603,0.0501325497,46.35189709,26.71564784
28,2015-06-29,2015-07-01,3,3,2015-07-01,3.858259225,99.6031746,2015-07-01,2.133453859,98.80952381,0.0321978704,70.3876706,50.73230383
29,2016-07-08,2016-07-15,6,6,2016-07-12,2.155356359,99.6031746,2016-07-12,2.176514979,100,0.09530920303,27.32005368,30.49184903
30,2016-10-25,2016-10-26,2,2,2016-10-26,1.134185959,97.22222222,2016-10-25,0.7038583246,91.26984127,0.1253668968,15.55363914,17.89982418
31,2016-11-10,2016-11-16,5,5,2016-11-16,2.880159924,100,2016-11-10,1.360279913,97.22222222,0.08046860002,22.21323841,44.21755612
32,2018-01-02,2018-01-05,4,4,2018-01-04,1.295437195,100,2018-01-04,1.484067143,98.80952381,0.3030912357,9.462547584,26.6491803
33,2018-03-19,2018-03-28,8,6,2018-03-27,2.450554087,100,2018-03-27,3.339209422,100,0.1680911537,10.07008756,39.70159132
34,2018-07-19,2018-07-26,6,4,2018-07-20,0.8044649479,96.82539683,2018-07-20,0.3813524919,82.14285714,0.1814489727,8.966067617,5.850803325
35,2018-08-08,2018-08-10,3,2,2018-08-10,1.359030165,99.20634921,2018-08-08,0.8517784941,94.44444444,0.2093465122,7.323877644,36.05027468
36,2018-09-06,2018-09-11,4,4,2018-09-10,3.069686038,100,2018-09-10,2.488684846,99.6031746,0.1507767068,11.47932036,39.88058361
37,2018-09-21,2018-09-25,3,2,2018-09-25,1.729215624,98.80952381,2018-09-25,1.320083621,97.61904762,0.1998062483,7.148763833,33.28441812
38,2018-12-21,2019-01-09,12,12,2018-12-26,2.166946632,99.20634921,2018-12-26,1.065110136,95.63492063,0.1510172127,15.69794423,18.38899662
39,2019-03-21,2019-03-26,4,3,2019-03-25,1.82110284,97.22222222,2019-03-21,0.9952290554,96.42857143,0.1153814286,20.25650864,7.351688676
40,2019-04-02,2019-04-25,17,11,2019-04-16,2.258159088,99.6031746,2019-04-11,0.8679274277,94.84126984,0.07824975998,33.69484543,12.3814282
41,2019-06-10,2019-06-11,2,2,2019-06-10,2.322427175,99.6031746,2019-06-11,1.375279903,99.20634921,0.07033514838,23.14184532,29.9856785
42,2020-03-16,2020-03-25,8,5,2020-03-23,4.368349331,100,2020-03-23,5.417416947,100,0.04405982055,68.52276244,87.00427978
43,2020-11-12,2020-11-13,2,2,2020-11-13,1.562015196,97.61904762,2020-11-12,1.702429553,96.42857143,0.1394355305,26.90756455,44.07920761
44,2021-04-16,2021-04-19,2,2,2021-04-19,1.431907384,99.20634921,2021-04-19,1.120819592,95.63492063,0.3187119287,32.18292733,25.07762157
45,2021-07-30,2021-08-03,3,3,2021-08-02,1.90453167,100,2021-08-02,3.2049099,100,0.2579470982,12.22018319,49.45581861
46,2021-09-20,2021-09-30,9,7,2021-09-28,1.375951822,98.41269841,2021-09-21,1.530118546,97.61904762,0.1756432714,21.67432358,25.84495249
47,2021-10-22,2021-10-25,2,2,2021-10-25,1.070703201,97.22222222,2021-10-25,0.4840983261,81.34920635,0.2522826537,20.87508535,20.02178872
48,2021-11-03,2021-11-05,3,3,2021-11-04,1.461329273,98.80952381,2021-11-04,0.584652437,83.73015873,0.2026181599,26.78113129,22.24579309
49,2021-11-18,2021-11-26,6,6,2021-11-18,2.040575996,100,2021-11-18,1.115862605,95.23809524,0.08811897579,52.32936685,22.62272078
50,2023-11-17,2023-12-01,10,7,2023-11-20,2.766020647,100,2023-11-20,3.128532703,100,0.259514791,19.60929541,48.40948186
51,2024-01-24,2024-01-30,5,5,2024-01-25,1.293474042,98.41269841,2024-01-25,1.324290596,96.82539683,0.1447695927,13.59078959,8.049018493
52,2024-02-08,2024-02-21,9,9,2024-02-16,1.461523779,98.41269841,2024-02-14,0.9551142955,89.28571429,0.1000907043,18.49457543,7.289802907
53,2024-02-28,2024-03-01,3,3,2024-02-29,2.056376268,99.6031746,2024-02-29,0.7994331452,85.71428571,0.1005642128,18.24680688,18.44230662
54,2025-04-11,2025-04-30,13,11,2025-04-16,2.747821653,99.6031746,2025-04-16,2.864958516,99.6031746,0.08366306335,30.60075422,41.42223248
55,2025-06-20,2025-06-25,4,4,2025-06-23,2.015562863,98.41269841,2025-06-23,1.058468711,96.03174603,0.0662514536,28.43048891,18.52852343
