Spec,Window,Ridge,Cluster,HorizonDays,Events,MeanForwardReturn,MeanWorstReturn,PctNegativeForwardReturn,PctWorstBelowMinus5Pct
W63_R0.0001,63,0.0001,1,5,4,0.009258680391,-0.007431663067,0.5,0
W63_R0.0001,63,0.0001,1,10,4,-0.005119161649,-0.01759509356,0.5,0.25
W63_R0.0001,63,0.0001,1,20,4,0.01104210293,-0.02928942277,0.5,0.25
W63_R0.0001,63,0.0001,1,40,4,0.02739487814,-0.02928942277,0,0.25
W63_R0.0001,63,0.0001,2,5,10,-0.001203806128,-0.01288080033,0.3,0.1
W63_R0.0001,63,0.0001,2,10,10,0.007606818984,-0.01375464428,0.3,0.1
W63_R0.0001,63,0.0001,2,20,10,0.01392177714,-0.01891094308,0.3,0.1
W63_R0.0001,63,0.0001,2,40,10,-0.004917418259,-0.05376188643,0.4,0.3
W63_R0.0001,63,0.0001,3,5,4,-0.002125309676,-0.01681828104,0.75,0
W63_R0.0001,63,0.0001,3,10,4,-0.009094308946,-0.02446636023,0.5,0.25
W63_R0.0001,63,0.0001,3,20,4,-0.02665810255,-0.04821600207,0.75,0.5
W63_R0.0001,63,0.0001,3,40,4,-0.07142878993,-0.1197188327,0.75,0.75
W63_R0.0001,63,0.0001,4,5,1,-0.04432364628,-0.04526913009,1,0
W63_R0.0001,63,0.0001,4,10,1,-0.06447124128,-0.06571501883,1,1
W63_R0.0001,63,0.0001,4,20,1,-0.0540241935,-0.07646018037,1,1
W63_R0.0001,63,0.0001,4,40,1,-0.01004890246,-0.09033909637,1,1
W63_R0.0001,63,0.0001,5,5,3,0.0233720115,0.004295828239,0,0
W63_R0.0001,63,0.0001,5,10,3,0.03479557877,0.004295828239,0,0
W63_R0.0001,63,0.0001,5,20,3,0.03883449174,-0.006979942608,0.3333333333,0
W63_R0.0001,63,0.0001,5,40,3,0.06392623103,-0.0237034953,0.3333333333,0.3333333333
W63_R0.001,63,0.001,1,5,4,0.009258680391,-0.007431663067,0.5,0
W63_R0.001,63,0.001,1,10,4,-0.005119161649,-0.01759509356,0.5,0.25
W63_R0.001,63,0.001,1,20,4,0.01104210293,-0.02928942277,0.5,0.25
W63_R0.001,63,0.001,1,40,4,0.02739487814,-0.02928942277,0,0.25
W63_R0.001,63,0.001,2,5,10,-0.001203806128,-0.01288080033,0.3,0.1
W63_R0.001,63,0.001,2,10,10,0.007606818984,-0.01375464428,0.3,0.1
W63_R0.001,63,0.001,2,20,10,0.01392177714,-0.01891094308,0.3,0.1
W63_R0.001,63,0.001,2,40,10,-0.004917418259,-0.05376188643,0.4,0.3
W63_R0.001,63,0.001,3,5,4,-0.002125309676,-0.01681828104,0.75,0
W63_R0.001,63,0.001,3,10,4,-0.009094308946,-0.02446636023,0.5,0.25
W63_R0.001,63,0.001,3,20,4,-0.02665810255,-0.04821600207,0.75,0.5
W63_R0.001,63,0.001,3,40,4,-0.07142878993,-0.1197188327,0.75,0.75
W63_R0.001,63,0.001,4,5,1,-0.04432364628,-0.04526913009,1,0
W63_R0.001,63,0.001,4,10,1,-0.06447124128,-0.06571501883,1,1
W63_R0.001,63,0.001,4,20,1,-0.0540241935,-0.07646018037,1,1
W63_R0.001,63,0.001,4,40,1,-0.01004890246,-0.09033909637,1,1
W63_R0.001,63,0.001,5,5,3,0.0233720115,0.004295828239,0,0
W63_R0.001,63,0.001,5,10,3,0.03479557877,0.004295828239,0,0
W63_R0.001,63,0.001,5,20,3,0.03883449174,-0.006979942608,0.3333333333,0
W63_R0.001,63,0.001,5,40,3,0.06392623103,-0.0237034953,0.3333333333,0.3333333333
W63_R0.01,63,0.01,1,5,4,0.009258680391,-0.007431663067,0.5,0
W63_R0.01,63,0.01,1,10,4,-0.005119161649,-0.01759509356,0.5,0.25
W63_R0.01,63,0.01,1,20,4,0.01104210293,-0.02928942277,0.5,0.25
W63_R0.01,63,0.01,1,40,4,0.02739487814,-0.02928942277,0,0.25
W63_R0.01,63,0.01,2,5,10,-0.001203806128,-0.01288080033,0.3,0.1
W63_R0.01,63,0.01,2,10,10,0.007606818984,-0.01375464428,0.3,0.1
W63_R0.01,63,0.01,2,20,10,0.01392177714,-0.01891094308,0.3,0.1
W63_R0.01,63,0.01,2,40,10,-0.004917418259,-0.05376188643,0.4,0.3
W63_R0.01,63,0.01,3,5,4,-0.002125309676,-0.01681828104,0.75,0
W63_R0.01,63,0.01,3,10,4,-0.009094308946,-0.02446636023,0.5,0.25
W63_R0.01,63,0.01,3,20,4,-0.02665810255,-0.04821600207,0.75,0.5
W63_R0.01,63,0.01,3,40,4,-0.07142878993,-0.1197188327,0.75,0.75
W63_R0.01,63,0.01,4,5,1,-0.04432364628,-0.04526913009,1,0
W63_R0.01,63,0.01,4,10,1,-0.06447124128,-0.06571501883,1,1
W63_R0.01,63,0.01,4,20,1,-0.0540241935,-0.07646018037,1,1
W63_R0.01,63,0.01,4,40,1,-0.01004890246,-0.09033909637,1,1
W63_R0.01,63,0.01,5,5,3,0.0233720115,0.004295828239,0,0
W63_R0.01,63,0.01,5,10,3,0.03479557877,0.004295828239,0,0
W63_R0.01,63,0.01,5,20,3,0.03883449174,-0.006979942608,0.3333333333,0
W63_R0.01,63,0.01,5,40,3,0.06392623103,-0.0237034953,0.3333333333,0.3333333333
W126_R0.0001,126,0.0001,1,5,3,-0.00100567117,-0.01260012044,0.3333333333,0
W126_R0.0001,126,0.0001,1,10,3,0.01118773431,-0.0190214687,0.3333333333,0
W126_R0.0001,126,0.0001,1,20,3,0.008494754693,-0.0190214687,0.3333333333,0
W126_R0.0001,126,0.0001,1,40,3,0.02997909322,-0.0190214687,0.3333333333,0
W126_R0.0001,126,0.0001,2,5,6,0.001024600504,-0.004036335672,0.3333333333,0
W126_R0.0001,126,0.0001,2,10,6,0.008326468011,-0.006682688543,0.5,0
W126_R0.0001,126,0.0001,2,20,6,0.01514105215,-0.007777243662,0.3333333333,0
W126_R0.0001,126,0.0001,2,40,6,0.03713745375,-0.01421096791,0,0
W126_R0.0001,126,0.0001,3,5,4,-0.004790571002,-0.01135288182,0.75,0
W126_R0.0001,126,0.0001,3,10,4,-0.01034608034,-0.02929182165,0.75,0
W126_R0.0001,126,0.0001,3,20,4,-0.01296166105,-0.03979377237,0.5,0.5
W126_R0.0001,126,0.0001,3,40,4,0.04737506825,-0.04006079334,0.25,0.5
W126_R0.0001,126,0.0001,4,5,1,-0.02212634266,-0.02212634266,1,0
W126_R0.0001,126,0.0001,4,10,1,-0.02466517538,-0.02466517538,1,0
W126_R0.0001,126,0.0001,4,20,1,-0.0370960345,-0.0451501263,1,0
W126_R0.0001,126,0.0001,4,40,1,-0.05069900903,-0.05467430231,1,1
W126_R0.001,126,0.001,1,5,3,-0.00100567117,-0.01260012044,0.3333333333,0
W126_R0.001,126,0.001,1,10,3,0.01118773431,-0.0190214687,0.3333333333,0
W126_R0.001,126,0.001,1,20,3,0.008494754693,-0.0190214687,0.3333333333,0
W126_R0.001,126,0.001,1,40,3,0.02997909322,-0.0190214687,0.3333333333,0
W126_R0.001,126,0.001,2,5,6,0.001024600504,-0.004036335672,0.3333333333,0
W126_R0.001,126,0.001,2,10,6,0.008326468011,-0.006682688543,0.5,0
W126_R0.001,126,0.001,2,20,6,0.01514105215,-0.007777243662,0.3333333333,0
W126_R0.001,126,0.001,2,40,6,0.03713745375,-0.01421096791,0,0
W126_R0.001,126,0.001,3,5,4,-0.004790571002,-0.01135288182,0.75,0
W126_R0.001,126,0.001,3,10,4,-0.01034608034,-0.02929182165,0.75,0
W126_R0.001,126,0.001,3,20,4,-0.01296166105,-0.03979377237,0.5,0.5
W126_R0.001,126,0.001,3,40,4,0.04737506825,-0.04006079334,0.25,0.5
W126_R0.001,126,0.001,4,5,1,-0.02212634266,-0.02212634266,1,0
W126_R0.001,126,0.001,4,10,1,-0.02466517538,-0.02466517538,1,0
W126_R0.001,126,0.001,4,20,1,-0.0370960345,-0.0451501263,1,0
W126_R0.001,126,0.001,4,40,1,-0.05069900903,-0.05467430231,1,1
W126_R0.01,126,0.01,1,5,3,-0.00100567117,-0.01260012044,0.3333333333,0
W126_R0.01,126,0.01,1,10,3,0.01118773431,-0.0190214687,0.3333333333,0
W126_R0.01,126,0.01,1,20,3,0.008494754693,-0.0190214687,0.3333333333,0
W126_R0.01,126,0.01,1,40,3,0.02997909322,-0.0190214687,0.3333333333,0
W126_R0.01,126,0.01,2,5,6,0.001024600504,-0.004036335672,0.3333333333,0
W126_R0.01,126,0.01,2,10,6,0.008326468011,-0.006682688543,0.5,0
W126_R0.01,126,0.01,2,20,6,0.01514105215,-0.007777243662,0.3333333333,0
W126_R0.01,126,0.01,2,40,6,0.03713745375,-0.01421096791,0,0
W126_R0.01,126,0.01,3,5,4,-0.004790571002,-0.01135288182,0.75,0
W126_R0.01,126,0.01,3,10,4,-0.01034608034,-0.02929182165,0.75,0
W126_R0.01,126,0.01,3,20,4,-0.01296166105,-0.03979377237,0.5,0.5
W126_R0.01,126,0.01,3,40,4,0.04737506825,-0.04006079334,0.25,0.5
W126_R0.01,126,0.01,4,5,1,-0.02212634266,-0.02212634266,1,0
W126_R0.01,126,0.01,4,10,1,-0.02466517538,-0.02466517538,1,0
W126_R0.01,126,0.01,4,20,1,-0.0370960345,-0.0451501263,1,0
W126_R0.01,126,0.01,4,40,1,-0.05069900903,-0.05467430231,1,1
W252_R0.0001,252,0.0001,1,5,5,0.003555812484,-0.002975249822,0.2,0
W252_R0.0001,252,0.0001,1,10,5,0.001883010948,-0.01018830158,0.4,0
W252_R0.0001,252,0.0001,1,20,5,-0.01314131051,-0.02284084953,0.8,0
W252_R0.0001,252,0.0001,1,40,5,-0.007564680774,-0.05633625591,0.4,0.4
W252_R0.0001,252,0.0001,2,5,4,0.01876432962,-0.002069402797,0,0
W252_R0.0001,252,0.0001,2,10,4,0.005268017755,-0.01614232156,0.5,0
W252_R0.0001,252,0.0001,2,20,4,0.0212660731,-0.01711075357,0.25,0
W252_R0.0001,252,0.0001,2,40,4,0.05232664703,-0.018146496,0.25,0
W252_R0.0001,252,0.0001,3,5,3,-0.001692756393,-0.006961905059,0.3333333333,0
W252_R0.0001,252,0.0001,3,10,3,0.006077294605,-0.009796505413,0.3333333333,0
W252_R0.0001,252,0.0001,3,20,3,0.02142832083,-0.009796505413,0,0
W252_R0.0001,252,0.0001,3,40,3,0.05460343943,-0.009796505413,0,0
W252_R0.0001,252,0.0001,4,5,3,0.003455829099,0.001352152459,0.3333333333,0
W252_R0.0001,252,0.0001,4,10,3,-0.001989167671,-0.01112316862,0.6666666667,0
W252_R0.0001,252,0.0001,4,20,3,0.01575397499,-0.01399073184,0,0
W252_R0.0001,252,0.0001,4,40,3,-0.05017081148,-0.08876447287,0.3333333333,0.3333333333
W252_R0.0001,252,0.0001,5,5,1,0.02345980273,0.006767710893,0,0
W252_R0.0001,252,0.0001,5,10,1,0.00206257065,-0.006573659361,0,0
W252_R0.0001,252,0.0001,5,20,1,0.04002287619,-0.006573659361,0,0
W252_R0.0001,252,0.0001,5,40,1,0.05922932074,-0.006573659361,0,0
W252_R0.001,252,0.001,1,5,5,0.003555812484,-0.002975249822,0.2,0
W252_R0.001,252,0.001,1,10,5,0.001883010948,-0.01018830158,0.4,0
W252_R0.001,252,0.001,1,20,5,-0.01314131051,-0.02284084953,0.8,0
W252_R0.001,252,0.001,1,40,5,-0.007564680774,-0.05633625591,0.4,0.4
W252_R0.001,252,0.001,2,5,4,0.01876432962,-0.002069402797,0,0
W252_R0.001,252,0.001,2,10,4,0.005268017755,-0.01614232156,0.5,0
W252_R0.001,252,0.001,2,20,4,0.0212660731,-0.01711075357,0.25,0
W252_R0.001,252,0.001,2,40,4,0.05232664703,-0.018146496,0.25,0
W252_R0.001,252,0.001,3,5,3,-0.001692756393,-0.006961905059,0.3333333333,0
W252_R0.001,252,0.001,3,10,3,0.006077294605,-0.009796505413,0.3333333333,0
W252_R0.001,252,0.001,3,20,3,0.02142832083,-0.009796505413,0,0
W252_R0.001,252,0.001,3,40,3,0.05460343943,-0.009796505413,0,0
W252_R0.001,252,0.001,4,5,3,0.003455829099,0.001352152459,0.3333333333,0
W252_R0.001,252,0.001,4,10,3,-0.001989167671,-0.01112316862,0.6666666667,0
W252_R0.001,252,0.001,4,20,3,0.01575397499,-0.01399073184,0,0
W252_R0.001,252,0.001,4,40,3,-0.05017081148,-0.08876447287,0.3333333333,0.3333333333
W252_R0.001,252,0.001,5,5,1,0.02345980273,0.006767710893,0,0
W252_R0.001,252,0.001,5,10,1,0.00206257065,-0.006573659361,0,0
W252_R0.001,252,0.001,5,20,1,0.04002287619,-0.006573659361,0,0
W252_R0.001,252,0.001,5,40,1,0.05922932074,-0.006573659361,0,0
W252_R0.01,252,0.01,1,5,5,0.003555812484,-0.002975249822,0.2,0
W252_R0.01,252,0.01,1,10,5,0.001883010948,-0.01018830158,0.4,0
W252_R0.01,252,0.01,1,20,5,-0.01314131051,-0.02284084953,0.8,0
W252_R0.01,252,0.01,1,40,5,-0.007564680774,-0.05633625591,0.4,0.4
W252_R0.01,252,0.01,2,5,4,0.01876432962,-0.002069402797,0,0
W252_R0.01,252,0.01,2,10,4,0.005268017755,-0.01614232156,0.5,0
W252_R0.01,252,0.01,2,20,4,0.0212660731,-0.01711075357,0.25,0
W252_R0.01,252,0.01,2,40,4,0.05232664703,-0.018146496,0.25,0
W252_R0.01,252,0.01,3,5,3,-0.001692756393,-0.006961905059,0.3333333333,0
W252_R0.01,252,0.01,3,10,3,0.006077294605,-0.009796505413,0.3333333333,0
W252_R0.01,252,0.01,3,20,3,0.02142832083,-0.009796505413,0,0
W252_R0.01,252,0.01,3,40,3,0.05460343943,-0.009796505413,0,0
W252_R0.01,252,0.01,4,5,3,0.003455829099,0.001352152459,0.3333333333,0
W252_R0.01,252,0.01,4,10,3,-0.001989167671,-0.01112316862,0.6666666667,0
W252_R0.01,252,0.01,4,20,3,0.01575397499,-0.01399073184,0,0
W252_R0.01,252,0.01,4,40,3,-0.05017081148,-0.08876447287,0.3333333333,0.3333333333
W252_R0.01,252,0.01,5,5,1,0.02345980273,0.006767710893,0,0
W252_R0.01,252,0.01,5,10,1,0.00206257065,-0.006573659361,0,0
W252_R0.01,252,0.01,5,20,1,0.04002287619,-0.006573659361,0,0
W252_R0.01,252,0.01,5,40,1,0.05922932074,-0.006573659361,0,0
